City_ID,City,Lat,Lng,Max Temp,Humidity,Cloudiness,Wind Speed,Country,Date
0,vorgashor,67.5833,63.95,-2.88,92,100,5.98,RU,1732469868
1,khategaon,22.6,76.9167,17.4,47,9,2.09,IN,1732469869
2,albany,42.6001,-73.9662,6.99,60,8,0.89,US,1732469728
3,adamstown,-25.066,-130.1015,22.16,66,53,6.55,PN,1732469872
4,terbanggi besar,-4.8667,105.2333,25.21,91,100,1.24,ID,1732469873
5,punta arenas,-53.15,-70.9167,11.06,37,75,6.17,CL,1732469874
6,port mathurin,-19.6833,63.4167,24.78,72,36,7.88,MU,1732469875
7,tocopilla,-22.092,-70.1979,21.59,68,48,5.13,CL,1732469876
8,tofol,5.3248,163.0078,29.26,73,32,7.09,FM,1732469877
9,isafjordur,66.0755,-23.124,-0.98,55,20,7.2,IS,1732469585
10,edinburgh of the seven seas,-37.0676,-12.3116,12.86,65,57,5.29,SH,1732469879
11,puerto aysen,-45.4,-72.7,9.53,98,98,2.06,CL,1732469843
12,papatowai,-46.5619,169.4708,11.68,82,100,5.0,NZ,1732469882
13,bardai,11.65,7.2333,22.46,21,5,4.05,NG,1732469883
14,port-aux-francais,-49.35,70.2167,4.08,75,46,12.75,TF,1732469884
15,borujen,31.9652,51.2873,6.74,50,83,2.55,IR,1732469885
16,ushuaia,-54.8,-68.3,9.81,62,75,9.26,AR,1732469886
17,davlekanovo,54.2215,55.0343,-0.62,71,0,4.4,RU,1732469887
18,lebu,-37.6167,-73.65,15.98,68,3,4.28,CL,1732469888
19,saldanha,-33.0117,17.9442,20.03,92,54,6.7,ZA,1732469890
20,san patricio,28.017,-97.5169,27.97,46,5,7.87,US,1732469891
21,margaret river,-33.95,115.0667,15.52,76,82,5.32,AU,1732469892
22,grand falls-windsor,48.9332,-55.6649,8.06,95,100,0.89,CA,1732469893
23,dzuunharaa,48.8523,106.4579,-20.52,95,9,1.34,MN,1732469894
24,ribeira grande,38.5167,-28.7,17.22,59,75,2.06,PT,1732469896
25,aasiaat,68.7098,-52.8699,-5.61,74,100,4.02,GL,1732469899
26,alofi,-19.0595,-169.9187,23.94,94,75,4.12,NU,1732469900
27,cherepovets,59.1333,37.9,-2.1,86,100,4.0,RU,1732469901
28,iquique,-20.2208,-70.1431,20.59,69,28,2.94,CL,1732469902
29,afaahiti,-17.75,-149.2833,25.07,83,46,6.32,PF,1732469903
30,blackmans bay,-43.0167,147.3167,12.07,95,96,1.54,AU,1732469904
31,alesund,62.4723,6.1549,9.08,66,40,6.69,NO,1732469905
32,hirara,24.8,125.2833,22.92,73,20,5.14,JP,1732469906
33,port alfred,-33.5906,26.891,21.77,93,33,1.79,ZA,1732469908
34,okhotsk,59.3833,143.3,-14.49,67,0,7.15,RU,1732469909
35,lihue,21.9789,-159.3672,17.77,88,0,2.57,US,1732469910
36,yellowknife,62.456,-114.3525,-14.71,85,75,3.09,CA,1732469748
37,keflavik,64.0049,-22.5624,-0.76,64,75,11.32,IS,1732469912
38,nelidovo,56.2211,32.7774,-3.98,98,9,1.69,RU,1732469913
39,taksimo,56.3444,114.8794,-18.39,92,100,1.32,RU,1732469914
40,badger,64.8,-147.5333,-7.02,86,0,1.54,US,1732469915
41,holualoa,19.6228,-155.9522,19.9,74,0,2.06,US,1732469917
42,remire-montjoly,4.9167,-52.2667,29.02,79,0,0.51,GF,1732469635
43,portland,45.5234,-122.6762,8.39,91,100,7.2,US,1732469880
44,pemangkat,1.1667,108.9667,26.6,84,100,1.37,ID,1732469920
45,hadibu,12.65,54.0333,25.83,73,10,2.6,YE,1732469921
46,waitangi,-43.9535,-176.5597,13.23,89,99,4.92,NZ,1732469922
47,port saint john's,-31.6229,29.5448,23.78,90,14,6.18,ZA,1732469923
48,hola,51.5377,23.1902,0.95,86,100,4.66,PL,1732469924
49,ilulissat,69.2167,-51.1,-0.99,74,100,5.14,GL,1732469925
50,kumylzhenskaya,49.8809,42.5898,2.9,94,100,5.85,RU,1732469927
51,zyrya,40.3661,50.2917,12.05,88,9,0.77,AZ,1732469928
52,kingston,17.997,-76.7936,29.53,74,75,11.83,JM,1732469671
53,tumaco,1.7986,-78.8156,24.98,79,98,4.12,CO,1732469930
54,petropavlovsk-kamchatsky,53.0452,158.6483,1.33,55,75,4.0,RU,1732469931
55,puerto ayora,-0.7393,-90.3518,24.75,82,84,4.02,EC,1732469932
56,grytviken,-54.2811,-36.5092,7.38,38,60,5.28,GS,1732469933
57,vadso,70.0744,29.7487,0.09,80,0,10.8,NO,1732469934
58,west island,-12.1568,96.8225,25.99,94,100,6.17,CC,1732469935
59,margate,51.3813,1.3862,16.6,69,100,1.79,GB,1732469937
60,howard springs,-12.497,131.047,25.95,86,95,1.68,AU,1732469938
61,sitka,57.0531,-135.33,-1.06,51,0,0.0,US,1732469939
62,atafu village,-8.5421,-172.5159,28.53,72,62,5.89,TK,1732469940
63,east london,-33.0153,27.9116,23.52,83,0,5.14,ZA,1732469941
64,labrador city,52.9463,-66.9114,-1.05,96,100,7.15,CA,1732469943
65,astrakhan,46.3497,48.0408,1.93,93,0,4.0,RU,1732469944
66,koumra,8.9126,17.5539,26.46,22,5,2.0,TD,1732469946
67,vasil'yevo,55.836,48.6582,2.8,71,100,3.84,RU,1732469947
68,georgetown,5.4112,100.3354,27.96,88,20,1.54,MY,1732469948
69,puerto natales,-51.7236,-72.4875,11.25,54,75,5.66,CL,1732469949
70,igarka,67.4667,86.5833,-6.95,94,100,12.81,RU,1732469950
71,tura,25.5198,90.2201,15.95,82,16,1.71,IN,1732469951
72,st. john's,47.5649,-52.7093,9.04,99,100,4.12,CA,1732469840
73,westport,41.1415,-73.3579,10.74,50,52,7.6,US,1732469855
74,wailua homesteads,22.0669,-159.378,17.44,88,0,2.57,US,1732469954
75,tiksi,71.6872,128.8694,-24.45,98,40,5.26,RU,1732469956
76,udachny,66.4167,112.4,-33.2,100,62,2.65,RU,1732469957
77,la tuque,47.4334,-72.7824,0.14,86,100,4.12,CA,1732469958
78,carnarvon,-24.8667,113.6333,21.48,84,25,9.03,AU,1732469959
79,college,64.8569,-147.8028,-6.97,85,100,1.54,US,1732469960
80,whitehorse,60.7161,-135.0538,-19.57,83,75,8.23,CA,1732469961
81,walterboro,32.9052,-80.6668,18.04,42,0,3.6,US,1732469962
82,val-d'or,48.1002,-77.7828,-3.95,86,100,3.6,CA,1732469963
83,hawaiian paradise park,19.5933,-154.9731,22.16,99,100,1.54,US,1732469964
84,iqaluit,63.7506,-68.5145,-1.15,86,100,6.71,CA,1732469966
85,khanbari,27.3747,87.2039,14.42,88,42,0.76,NP,1732469967
86,manado,1.487,124.8455,24.43,94,20,0.51,ID,1732469968
87,tianpeng,30.9866,103.9393,8.04,76,100,0.2,CN,1732469969
88,bamboo flat,11.7,92.7167,29.05,79,40,4.12,IN,1732469970
89,lesogorsk,56.0458,99.5136,-8.47,95,100,1.97,RU,1732469971
90,kannur,11.8675,75.3576,24.87,78,79,1.72,IN,1732469972
91,ankang,32.68,109.0172,8.46,87,100,1.11,CN,1732469973
92,arraial do cabo,-22.9661,-42.0278,24.98,57,40,5.66,BR,1732469975
93,lethem,3.3803,-59.7968,33.41,48,64,3.07,GY,1732469976
94,fedorovka,53.6314,62.7078,-8.57,84,5,2.63,KZ,1732469977
95,haiku-pauwela,20.9219,-156.3051,21.69,82,20,3.6,US,1732469978
96,taroa,8.7058,171.2275,27.9,80,99,7.54,MH,1732469979
97,nguigmi,14.2495,13.1092,25.27,19,9,5.66,NE,1732469980
98,lengshuitan,26.4111,111.5956,15.69,66,100,2.42,CN,1732469981
99,sao gabriel da cachoeira,-0.1303,-67.0892,30.89,70,40,1.54,BR,1732469982
100,bredasdorp,-34.5322,20.0403,19.78,77,21,2.29,ZA,1732469984
101,severo-yeniseyskiy,60.3725,93.0408,-17.15,96,99,1.32,RU,1732469985
102,bethel,41.3712,-73.414,9.39,52,40,8.23,US,1732469987
103,isangel,-19.55,169.2667,22.96,91,100,9.66,VU,1732469988
104,port isabel,26.0734,-97.2086,29.02,49,0,8.23,US,1732469989
105,jimenez,28.3333,-105.4,25.37,19,42,2.33,MX,1732469990
106,ponta delgada,37.7333,-25.6667,16.4,59,40,4.63,PT,1732469991
107,palikir - national government center,6.9248,158.1611,24.41,94,100,0.0,FM,1732469993
108,mount pearl,47.5166,-52.7813,8.58,98,100,4.12,CA,1732469994
109,nenjiang,49.1833,125.2167,-11.19,92,100,1.15,CN,1732469995
110,bac lieu,9.285,105.7244,26.52,86,96,5.88,VN,1732469996
111,ceeldheer,3.8488,47.1806,26.73,82,74,7.12,SO,1732469997
112,covington,39.0837,-84.5086,12.3,71,0,2.06,US,1732469927
113,hithadhoo,-0.6,73.0833,28.05,77,72,6.39,MV,1732469999
114,bilibino,68.0546,166.4372,-32.76,96,91,0.44,RU,1732470000
115,douentza,14.9951,-2.9517,29.14,12,4,3.23,ML,1732470002
116,sabang,5.8933,95.3214,27.24,83,100,4.49,ID,1732470003
117,ta`u,-14.2336,-169.5144,26.74,81,99,2.88,AS,1732470005
118,egilsstadir,65.2653,-14.3948,-3.05,93,100,11.32,IS,1732470006
119,qaqortoq,60.7167,-46.0333,-11.09,65,1,1.96,GL,1732470007
120,vega de alatorre,20.0333,-96.6333,25.74,59,0,4.62,MX,1732470008
121,williams lake,52.1415,-122.1445,-9.41,77,100,4.63,CA,1732470010
122,tual,-5.6667,132.75,28.71,71,34,1.69,ID,1732470011
123,pisco,-13.7,-76.2167,22.03,73,0,4.12,PE,1732470013
124,azadshahr,34.7909,48.5707,7.27,39,0,2.06,IR,1732470014
125,gamba,-2.65,10.0,24.15,91,96,2.34,GA,1732470015
126,impfondo,1.6381,18.0667,25.88,66,73,1.19,CG,1732470016
127,jamestown,42.097,-79.2353,5.57,95,100,5.14,US,1732469950
128,anadyr,64.75,177.4833,-5.72,79,40,3.0,RU,1732470019
129,sandnessjoen,66.0217,12.6316,2.06,64,75,9.77,NO,1732470020
130,invercargill,-46.4,168.35,11.68,87,92,5.36,NZ,1732470021
131,marsh harbour,26.5412,-77.0636,22.76,55,0,3.29,BS,1732470022
132,forbes,-33.3833,148.0167,24.86,33,100,4.35,AU,1732470024
133,kayangel,8.0823,134.7173,29.23,77,99,8.85,PW,1732470025
134,flying fish cove,-10.4217,105.6791,27.79,80,100,3.33,CX,1732470026
135,taiynsha,53.8478,69.7639,-7.97,87,100,2.08,KZ,1732470027
136,sidney,-33.8679,151.2073,19.83,85,53,0.89,AU,1732469850
137,tara,56.8944,74.371,-5.69,87,100,2.13,RU,1732470032
138,kattivakkam,13.2167,80.3167,27.76,85,100,5.27,IN,1732470034
139,nar'yan-mar,67.6713,53.087,-4.35,86,47,9.71,RU,1732470035
140,tan-tan,28.438,-11.1032,31.97,12,100,10.29,MA,1732470037
141,canico,32.6333,-16.85,22.35,84,20,3.6,PT,1732470038
142,emerald,-23.5333,148.1667,20.85,78,0,3.62,AU,1732470039
143,soio,-6.1349,12.3689,26.61,83,44,2.99,AO,1732470040
144,ciudad lazaro cardenas,17.9583,-102.2,29.05,66,2,2.41,MX,1732470041
145,coahuayana de hidalgo,18.7,-103.6583,30.15,58,0,2.52,MX,1732470042
146,ust-nera,64.5667,143.2,-31.09,96,77,0.94,RU,1732470043
147,longyearbyen,78.2186,15.6401,-6.09,79,75,4.63,SJ,1732470025
148,la'ie,21.6477,-157.9253,19.98,69,0,1.54,US,1732470045
149,wenling,28.3669,121.36,14.58,79,96,3.49,CN,1732470047
150,saipan,15.1355,145.701,27.39,89,75,5.14,MP,1732470048
151,ambatofinandrahana,-20.55,46.8,20.79,68,71,1.92,MG,1732470049
152,kudahuvadhoo,2.6708,72.8944,28.06,73,26,2.4,MV,1732470050
153,quintana de la serena,38.7459,-5.6723,19.39,41,100,7.3,ES,1732470051
154,manakara,-22.1333,48.0167,24.3,92,40,0.77,MG,1732470052
155,lorengau,-2.0226,147.2712,27.55,80,99,1.11,PG,1732470053
156,ak'ordat,15.5486,37.8867,28.23,53,11,1.28,ER,1732470054
157,fale old settlement,-9.3852,-171.2468,28.53,74,48,6.3,TK,1732470056
158,yugorsk,61.3133,63.3319,0.72,71,79,5.57,RU,1732470057
159,peno,56.9262,32.7426,-3.41,96,7,2.47,RU,1732470058
160,palm springs north,25.9351,-80.3338,25.57,61,0,2.57,US,1732470059
161,zuunmod,47.7069,106.9528,-22.43,84,46,4.07,MN,1732470060
162,nemuro,43.3236,145.575,3.0,77,94,8.01,JP,1732470062
163,ola,59.5833,151.2833,-14.33,69,56,5.64,RU,1732470063
164,stanley,54.868,-1.6985,10.01,77,0,7.2,GB,1732470064
165,oranjemund,-28.55,16.4333,17.08,83,6,3.34,NA,1732470065
166,lhasa,29.65,91.1,-2.27,41,0,3.51,CN,1732470067
167,thompson,55.7435,-97.8558,-16.91,85,100,6.69,CA,1732470068
168,fort erie,42.9001,-78.9329,7.81,63,75,7.72,CA,1732469844
169,kawambwa,-9.7915,29.0791,17.68,95,84,3.87,ZM,1732470070
170,kodiak,57.79,-152.4072,-4.27,86,0,3.09,US,1732470071
171,athni,16.7333,75.0667,21.51,43,97,3.91,IN,1732470072
172,poxoreo,-15.8372,-54.3892,30.32,61,64,1.23,BR,1732470073
173,jamaame,0.0697,42.745,27.05,80,89,3.6,SO,1732470075
174,ancud,-41.8697,-73.8203,13.31,77,65,7.28,CL,1732470076
175,yuzhno-kurilsk,44.0306,145.8556,4.08,71,82,9.77,RU,1732470077
176,tanout,14.9709,8.8879,25.31,15,13,5.02,NE,1732470078
177,iwaki,37.05,140.8833,5.66,74,0,2.73,JP,1732470079
178,nazarovo,56.0064,90.3914,-10.73,98,100,1.84,RU,1732470081
179,uturoa,-16.7333,-151.4333,26.91,78,25,6.78,PF,1732470082
180,lazaro cardenas,17.9583,-102.2,29.05,66,2,2.41,MX,1732470083
181,puerto armuelles,8.2833,-82.8667,25.61,85,100,0.45,PA,1732470084
182,prado,-17.3411,-39.2208,24.55,69,100,5.91,BR,1732470085
183,pahrump,36.2083,-115.9839,14.13,46,44,4.47,US,1732470086
184,chimore,-16.9833,-65.1333,30.54,61,58,1.16,BO,1732470087
185,zhangjiakou,40.81,114.8794,0.34,89,100,2.38,CN,1732470089
186,ugoofaaru,5.6667,73.0,27.08,83,100,2.18,MV,1732470090
187,taoudenni,22.6783,-3.9836,27.47,14,36,4.96,ML,1732470091
188,plastun,44.7561,136.2939,-6.11,71,5,2.76,RU,1732470092
189,herval,-32.0236,-53.3956,28.91,44,4,3.39,BR,1732470047
190,beykonak,36.3257,30.303,10.45,36,69,4.68,TR,1732470094
191,jalai nur,49.45,117.7,-10.23,79,100,6.51,CN,1732470096
192,iskateley,67.6803,53.1512,-4.46,86,47,9.57,RU,1732470097
193,olonkinbyen,70.9221,-8.7187,-4.13,62,17,5.23,SJ,1732470098
194,lerwick,60.1545,-1.1494,8.92,82,44,10.09,GB,1732470099
195,bengkulu,-3.8004,102.2655,25.37,89,99,3.69,ID,1732470100
196,choele choel,-39.2667,-65.6833,29.36,14,68,12.05,AR,1732470101
197,jayapura,-2.5333,140.7,24.66,92,100,1.51,ID,1732470103
198,ghadamis,30.1337,9.5007,18.99,39,99,5.04,LY,1732470104
199,lashkar gah,31.5938,64.3716,15.27,27,9,4.22,AF,1732470105
200,puerto san jose,13.9256,-90.8244,27.21,63,69,1.63,GT,1732470106
201,cabo san lucas,22.8909,-109.9124,29.17,44,0,3.09,MX,1732470107
202,zhangye,38.9342,100.4517,-8.09,68,100,4.68,CN,1732470108
203,weno,7.4515,151.8468,28.97,84,100,4.12,FM,1732470109
204,port augusta,-32.5,137.7667,19.1,92,100,2.29,AU,1732470111
205,baikonur,45.6167,63.3167,2.88,55,0,8.22,KZ,1732470112
206,kingscliff,-28.2667,153.5667,19.41,94,100,1.54,AU,1732470113
207,fuglafjordur,62.244,-6.814,2.87,97,100,17.75,FO,1732470114
208,san juan,-31.5375,-68.5364,37.48,22,0,7.27,AR,1732469856
209,kamaishi,39.2667,141.8833,2.46,70,1,2.45,JP,1732470116
210,mersa matruh,31.3525,27.2453,15.11,51,40,8.75,EG,1732470117
211,chulakkurgan,43.765,69.1814,-1.92,59,0,0.66,KZ,1732470119
212,date,42.4681,140.8681,2.19,64,30,3.41,JP,1732470120
213,sao vicente,-23.9631,-46.3919,24.98,30,40,4.12,BR,1732470121
214,la ronge,55.1001,-105.2842,-12.86,85,100,6.69,CA,1732470122
215,kosh-agach,50.0,88.6667,-15.86,99,99,0.84,RU,1732470123
216,qamdo,31.1667,97.2333,-4.31,20,100,3.13,CN,1732470124
217,khandyga,62.6667,135.6,-29.76,98,32,0.67,RU,1732470126
218,magdagachi,53.45,125.8,-12.86,96,100,1.49,RU,1732470127
219,vuktyl,63.8567,57.3094,0.42,96,100,4.61,RU,1732470128
220,santa maria,-29.6842,-53.8069,31.61,48,20,5.14,BR,1732470129
221,bogoroditsk,53.7717,38.1241,-2.76,85,47,3.71,RU,1732470130
222,cooper's town,26.8667,-77.5167,21.1,56,0,1.79,BS,1732470132
223,erdek,40.3996,27.7935,7.15,53,0,5.14,TR,1732470133
224,mahina,-17.5065,-149.489,27.87,74,75,1.03,PF,1732470134
225,vanino,49.0869,140.2543,-8.24,73,7,2.85,RU,1732470136
226,klyuchi,52.2667,79.1667,-9.37,94,99,1.73,RU,1732470137
227,itamaraca,-7.7478,-34.8256,27.81,64,56,4.41,BR,1732470138
228,luderitz,-26.6481,15.1594,17.83,76,1,6.89,NA,1732470139
229,big stone gap,36.8677,-82.7745,11.9,69,12,2.3,US,1732470141
230,karema,-6.8205,30.4389,21.04,89,100,1.8,TZ,1732470142
231,strezhevoy,60.7333,77.5889,-1.99,81,100,4.57,RU,1732470143
232,okha,53.5739,142.9478,-5.01,78,71,5.92,RU,1732470145
233,valparaiso,-33.0393,-71.6273,22.8,45,0,6.17,CL,1732470146
234,shingu,33.7333,135.9833,6.67,83,1,3.24,JP,1732470147
235,uliastay,47.7417,96.8444,-20.48,72,62,2.38,MN,1732470148
236,santa terezinha,-29.9002,-50.0904,21.72,78,0,11.49,BR,1732470149
237,urangan,-25.3,152.9,22.97,70,6,6.16,AU,1732470150
238,songea,-10.6833,35.65,26.64,54,75,2.06,TZ,1732470151
239,iranshahr,27.2025,60.6848,22.19,30,0,0.0,IR,1732470153
240,souillac,-20.5167,57.5167,25.21,83,40,3.6,MU,1732470154
241,wynyard,-41.0,145.7167,14.55,92,96,2.39,AU,1732470156
242,andergrove,-21.0833,149.1833,23.32,73,1,4.19,AU,1732470157
243,huetamo de nunez,18.5833,-100.8833,31.36,48,18,0.73,MX,1732470158
244,kristiansund,63.1115,7.732,7.36,53,0,7.2,NO,1732470160
245,sunland park,31.7965,-106.58,21.4,20,0,4.92,US,1732470161
246,mhangura,-16.8939,30.1683,21.38,62,95,1.85,ZW,1732470162
247,hamilton,39.1834,-84.5333,11.88,72,0,3.09,US,1732469969
248,dampit,-8.2116,112.7493,22.56,94,100,1.26,ID,1732470165
249,cruzeiro do sul,-29.5128,-51.9853,34.18,50,0,0.95,BR,1732470166
250,mabaruma,8.2,-59.7833,28.23,77,99,1.93,GY,1732470168
251,pamandzi,-12.7967,45.2794,27.88,78,0,3.6,YT,1732470169
252,sumenep,-7.0167,113.8667,27.37,77,99,0.72,ID,1732470170
253,chui,-33.6971,-53.4616,26.57,55,22,6.79,UY,1732470171
254,fortuna,40.5982,-124.1573,12.18,75,100,4.92,US,1732470172
255,bodaybo,57.8506,114.1933,-27.25,99,82,0.82,RU,1732470173
256,proletariy,58.4342,31.7046,-0.54,86,8,3.84,RU,1732470174
257,shitanjing,39.2342,106.3439,-5.59,44,25,12.22,CN,1732470175
258,pavilosta,56.8879,21.1859,2.08,90,93,9.59,LV,1732470178
259,newman,37.3138,-121.0208,12.25,83,86,0.89,US,1732469946
260,nogliki,51.8333,143.1667,-7.79,94,97,3.55,RU,1732470180
261,gadzhiyevo,69.2551,33.3362,-1.5,84,62,10.45,RU,1732470181
262,caluula,11.9661,50.7569,26.06,78,26,3.87,SO,1732470182
263,alta sierra,35.7291,-118.5495,5.99,50,44,2.63,US,1732470183
264,utrik,11.2278,169.8474,27.95,80,79,9.17,MH,1732470184
265,kerema,-7.9631,145.7785,26.02,90,100,1.08,PG,1732470185
266,port hedland,-20.3167,118.5667,27.03,78,9,4.12,AU,1732470186
267,manggar,-2.8833,108.2667,25.66,88,98,1.72,ID,1732470188
268,chiras,35.4167,65.9823,-2.01,65,22,5.49,AF,1732470189
269,nago,26.5881,127.9761,20.34,68,15,3.69,JP,1732470190
270,bodo,67.28,14.405,1.08,67,0,12.35,NO,1732469997
271,kudymkar,59.0173,54.656,0.64,74,100,5.27,RU,1732470192
272,laojunmiao,39.8333,97.7333,-12.45,87,97,2.98,CN,1732470193
273,pio duran,13.0293,123.445,26.15,82,18,5.21,PH,1732470194
274,cooma,-36.2333,149.1333,14.89,94,100,1.6,AU,1732470195
275,santo tome,-31.6627,-60.7653,33.88,29,51,3.7,AR,1732470196
276,namibe,-15.1961,12.1522,22.88,83,45,4.39,AO,1732470198
277,vilyuysk,63.7553,121.6247,-22.64,90,100,2.6,RU,1732470199
278,ierapetra,35.01,25.7353,12.86,47,0,9.83,GR,1732470200
279,carupano,10.6678,-63.2585,30.57,66,88,5.2,VE,1732470201
280,shahrud,36.4182,54.9763,7.84,52,15,1.6,IR,1732470202
281,warman,52.3168,-106.5679,-9.95,85,100,6.69,CA,1732470203
282,greymouth,-42.4667,171.2,11.01,88,100,1.18,NZ,1732470204
283,tamanrasset,22.785,5.5228,20.95,18,0,4.12,DZ,1732470205
284,stepnoye,51.4,46.8667,1.64,79,100,3.62,RU,1732470206
285,codrington,-38.2667,141.9667,14.64,87,100,3.58,AU,1732470208
286,basco,20.4487,121.9702,25.85,79,7,11.24,PH,1732470210
287,vila velha,-20.3297,-40.2925,24.97,81,75,4.47,BR,1732470211
288,union,40.6334,-74.2663,12.73,51,75,10.8,US,1732470212
289,talnakh,69.4865,88.3972,-10.46,93,100,9.8,RU,1732470213
290,bozyazi,36.1082,32.9611,9.05,49,0,6.61,TR,1732470214
291,bathsheba,13.2167,-59.5167,28.34,83,75,9.26,BB,1732470215
292,mizan teferi,6.9833,35.5833,16.71,95,94,0.91,ET,1732470217
293,saint john,45.2727,-66.0677,4.57,87,100,7.2,CA,1732470168
294,hats'avan,39.4641,45.9705,6.02,67,28,1.31,AM,1732470219
295,inari,68.906,27.0288,-7.64,95,49,2.08,FI,1732470220
296,karratha,-20.7377,116.8463,27.38,68,34,5.73,AU,1732470221
297,gaiman,-43.2897,-65.4929,18.11,37,43,6.02,AR,1732470222
298,marshfield,44.6689,-90.1718,2.47,75,0,7.2,US,1732470223
299,arkhangel'sk,64.5401,40.5433,-0.94,74,100,6.0,RU,1732470224
300,rabo de peixe,37.8,-25.5833,16.73,59,20,5.66,PT,1732470225
301,hagere maryam,5.6333,38.2333,16.01,79,91,1.65,ET,1732470227
302,el obeid,13.1842,30.2167,23.42,16,2,5.15,SD,1732470228
303,port elizabeth,-33.918,25.5701,22.4,97,20,7.72,ZA,1732470229
304,valky,49.8387,35.6207,-1.5,77,24,5.53,UA,1732470230
305,takoradi,4.8845,-1.7554,27.04,79,10,3.73,GH,1732470231
306,queenstown,-31.8976,26.8753,21.59,78,0,2.87,ZA,1732470232
307,karatau,43.1667,70.4667,-0.97,67,0,0.8,KZ,1732470233
308,copiapo,-27.3667,-70.3333,28.11,23,1,4.72,CL,1732470131
309,atar,20.5169,-13.0499,31.72,10,0,3.26,MR,1732470235
310,akureyri,65.6835,-18.0878,-2.04,74,75,6.69,IS,1732470237
311,kolpny,52.2282,37.0368,-2.29,84,53,4.44,RU,1732470202
312,dudinka,69.4058,86.1778,-7.95,93,100,14.7,RU,1732470239
313,george town,5.4112,100.3354,27.96,88,20,1.54,MY,1732470227
314,chonchi,-42.6128,-73.8092,16.73,63,73,4.07,CL,1732470241
315,cohasset,42.2418,-70.8037,10.74,47,0,4.12,US,1732470242
316,gaigeturi,33.4644,126.3183,13.03,76,40,5.14,KR,1732470243
317,tralee,52.2704,-9.7026,10.14,87,40,8.75,IE,1732470244
318,zadar,44.1197,15.2422,10.34,76,75,1.54,HR,1732470245
319,tazacorte,28.629,-17.9293,21.54,99,40,1.54,ES,1732470247
320,olenino,56.2092,33.4889,-5.83,98,8,2.3,RU,1732470248
321,vila franca do campo,37.7167,-25.4333,17.23,65,57,3.25,PT,1732470249
322,mili,6.0815,171.735,28.54,71,88,8.36,MH,1732470250
323,tanumah,27.1,44.1333,22.58,46,100,1.4,SA,1732470251
324,rawson,-43.3002,-65.1023,18.16,59,20,6.17,AR,1732470104
325,es castell,39.8795,4.2854,16.38,88,0,2.57,ES,1732470253
326,paracuru,-3.41,-39.0306,29.18,61,65,5.86,BR,1732470256
327,mary,37.0,62.5,13.86,54,76,4.28,TM,1732470257
328,sukumo,32.9333,132.7333,5.38,78,0,2.09,JP,1732470258
329,enewetak,11.3474,162.3373,28.73,80,50,9.2,MH,1732470260
330,zhongshan,21.3226,110.5829,21.36,84,98,6.79,CN,1732470261
331,las palmas,28.4204,-14.0131,24.44,50,20,3.6,ES,1732470262
332,ciudad guayana,8.3533,-62.6528,32.42,49,95,3.29,VE,1732470263
333,tidjikja,18.5564,-11.4271,28.94,11,8,4.27,MR,1732470265
334,susuman,62.7833,148.1667,-36.68,97,77,0.38,RU,1732470266
335,kendari,-3.945,122.4989,24.76,93,65,0.69,ID,1732470267
336,farafangana,-22.8167,47.8333,25.59,88,14,2.08,MG,1732470268
337,fort abbas,29.1925,72.8536,20.48,30,0,3.32,PK,1732470269
338,puerto deseado,-47.7503,-65.8938,11.7,57,100,7.69,AR,1732469985
339,polyarnyy,69.1989,33.4478,-1.29,83,63,10.15,RU,1732470271
340,bubaque,11.2833,-15.8333,28.61,69,0,5.56,GW,1732470272
341,lata,40.1629,-8.3327,19.03,59,98,7.34,PT,1732470275
342,vilyuchinsk,52.9306,158.4028,1.15,93,100,2.67,RU,1732470276
343,tangalle,6.024,80.7911,23.95,90,100,1.63,LK,1732470277
344,puerto baquerizo moreno,-0.9,-89.6,26.55,57,100,6.17,EC,1732470278
345,pudasjarvi,65.3833,26.9167,-3.4,93,44,4.14,FI,1732470279
346,bulawayo,-20.15,28.5833,17.6,84,100,2.11,ZW,1732470280
347,kourou,5.1552,-52.6478,29.33,67,97,3.16,GF,1732470282
348,azangaro,-14.9167,-70.2167,13.7,48,97,2.17,PE,1732470283
349,notodden,59.5594,9.2585,1.53,65,100,1.0,NO,1732470284
350,revelstoke,50.9832,-118.2023,1.01,93,100,1.03,CA,1732470285
351,sorong,-0.8833,131.25,26.52,85,93,1.3,ID,1732470128
352,prineville,44.2999,-120.8345,4.99,62,75,5.66,US,1732470287
353,cole harbour,44.6724,-63.4751,6.98,79,100,11.83,CA,1732470288
354,krasnyy chikoy,50.3643,108.7512,-17.83,97,100,1.89,RU,1732470289
355,sierra grande,-41.606,-65.3557,25.42,21,52,4.95,AR,1732470291
356,kirakira,-10.4544,161.9205,25.94,87,32,1.66,SB,1732470292
357,touros,-5.1989,-35.4608,28.16,63,13,4.99,BR,1732470178
358,campagnano di roma,42.1388,12.3708,7.41,76,8,1.34,IT,1732470294
359,praia da vitoria,38.7333,-27.0667,17.14,63,40,3.53,PT,1732470295
360,hermanus,-34.4187,19.2345,21.0,84,35,2.14,ZA,1732470297
361,conception bay south,47.4999,-52.9981,8.91,99,100,2.29,CA,1732470298
362,kalabo,-14.97,22.6814,22.9,61,84,1.45,ZM,1732470299
363,kununurra,-15.7667,128.7333,26.99,89,65,1.54,AU,1732470302
364,rodolfo sanchez taboada,31.7167,-116.5667,17.28,76,80,0.45,MX,1732470303
365,pangody,65.85,74.4859,1.57,89,100,9.89,RU,1732470304
366,la paz,-16.5,-68.15,15.32,69,40,5.14,BO,1732470305
367,ouadda,8.0777,22.4007,23.53,30,43,1.85,CF,1732470306
368,turuntayevo,52.2,107.6167,-18.31,98,50,1.09,RU,1732470308
369,san rafael,-34.6177,-68.3301,28.86,29,8,9.22,AR,1732470309
370,swan hill,-35.3378,143.5544,18.71,97,100,1.47,AU,1732470310
371,revda,56.801,59.9303,-0.45,70,1,2.49,RU,1732470311
372,sinop,41.7711,34.8709,-0.85,88,100,5.13,TR,1732470312
373,cova figueira,14.8905,-24.2934,20.43,69,2,3.63,CV,1732470313
374,namsos,64.4662,11.4957,2.95,70,75,6.17,NO,1732470314
375,chibougamau,49.9168,-74.3659,-3.21,93,100,5.14,CA,1732470315
376,tolanaro,-25.0319,46.9987,26.04,89,75,4.12,MG,1732470316
377,narasannapeta,18.4167,84.05,20.7,78,91,2.9,IN,1732470318
378,bamora,24.0552,78.0909,17.4,41,14,1.96,IN,1732470319
379,tasqala,51.1167,50.3167,1.2,63,9,5.32,KZ,1732470321
380,jerome,42.7241,-114.5186,1.71,69,0,4.63,US,1732470235
381,cidreira,-30.1811,-50.2056,22.38,74,0,10.54,BR,1732470323
382,shakawe,-18.3667,21.85,22.82,70,54,3.64,BW,1732470324
383,constantia,44.1833,28.65,1.5,52,6,2.56,RO,1732470032
384,nuuk,64.1835,-51.7216,-2.66,63,75,2.06,GL,1732470327
385,simanggang,1.2472,111.4528,25.99,94,100,0.0,MY,1732470328
386,sola,-13.8833,167.55,27.41,77,83,3.73,VU,1732470329
387,avarua,-21.2078,-159.775,25.03,83,75,1.03,CK,1732470330
388,fort st. john,56.2499,-120.8529,-19.06,78,100,2.57,CA,1732470331
389,zaltan,32.947,11.8665,19.19,58,20,8.14,LY,1732470332
390,belmonte,-15.8631,-38.8828,22.64,91,100,4.43,BR,1732470333
391,myeik,12.4333,98.6,26.06,80,99,2.25,MM,1732470334
392,cay,38.5917,31.0286,-4.24,94,87,3.47,TR,1732470335
393,trairi,-3.2778,-39.2689,29.68,57,56,5.72,BR,1732470203
394,nova xavantina,-14.6667,-52.35,30.27,62,33,1.47,BR,1732470338
395,robertsport,6.7533,-11.3686,28.31,76,27,4.87,LR,1732470340
396,kiunga,-6.1219,141.2906,23.29,99,100,0.36,PG,1732470341
397,timbuktu,16.7735,-3.0074,29.74,10,0,4.85,ML,1732470342
398,nizhneudinsk,54.9076,99.0276,-7.6,92,100,1.97,RU,1732470343
399,new norfolk,-42.7826,147.0587,12.73,87,98,0.16,AU,1732470344
400,onega,63.9061,38.1404,-0.46,77,100,5.78,RU,1732470345
401,choibalsan,48.0667,114.5,-11.23,53,100,6.56,MN,1732470346
402,ostroleka,53.0862,21.5757,1.67,88,100,5.88,PL,1732470348
403,guiuan,11.0333,125.7247,27.97,82,10,8.53,PH,1732470349
404,amursk,50.2261,136.8994,-10.12,87,15,2.42,RU,1732470350
405,dunedin,-45.8742,170.5036,11.56,98,13,1.65,NZ,1732470351
406,tamiahua,21.2667,-97.45,25.74,61,15,5.12,MX,1732470352
407,inirida,3.8653,-67.9239,35.0,42,97,1.08,CO,1732470353
408,walvis bay,-22.9575,14.5053,18.53,72,29,6.17,NA,1732470354
409,tadine,-21.55,167.8833,22.37,90,100,7.69,NC,1732470355
410,natal,-5.795,-35.2094,30.36,65,75,6.17,BR,1732470165
411,fauske,67.2588,15.3918,1.08,84,100,5.17,NO,1732470358
412,chiredzi,-21.05,31.6667,27.31,47,91,2.22,ZW,1732470072
413,cabedelo,-6.9811,-34.8339,31.37,66,16,4.88,BR,1732470360
414,zhalantun,48.0,122.7167,-4.78,64,100,1.32,CN,1732470361
415,koge,55.458,12.1821,11.38,82,75,7.72,DK,1732470362
416,barra de santo antonio,-9.4047,-35.5072,27.3,74,27,9.64,BR,1732470319
417,antonio enes,-16.2325,39.9086,26.62,84,44,1.49,MZ,1732470364
418,baruun-urt,46.6806,113.2792,-11.28,88,100,7.51,MN,1732470365
419,island harbour,50.724,-1.2758,16.11,64,100,7.15,GB,1732470366
420,tambo,-14.8,-73.9167,11.94,48,89,6.47,PE,1732470368
421,talakan,50.3167,130.3667,-9.12,89,81,1.7,RU,1732470369
422,camocim,-2.9022,-40.8411,29.5,65,29,9.51,BR,1732470370
423,sanctuary point,-35.1114,150.629,17.5,95,85,1.27,AU,1732470371
424,miri,4.4148,114.0089,26.08,94,40,0.0,MY,1732470372
425,levokumskoye,44.8219,44.6606,5.6,80,100,7.29,RU,1732470373
426,barakani,-12.1356,44.4317,26.9,79,28,2.01,KM,1732470374
427,porto tolle,44.9497,12.3245,7.52,56,100,0.8,IT,1732470375
428,qarazhal,48.0078,70.7903,-2.13,77,1,5.17,KZ,1732470376
429,ploneour-lanvern,47.9,-4.2833,15.18,88,75,9.77,FR,1732470378
430,kapa'a,22.0752,-159.319,18.18,88,0,2.57,US,1732470379
431,crane,31.3974,-102.3501,22.94,23,100,3.85,US,1732470380
432,qarqaraly,49.4058,75.4742,-9.53,81,3,2.9,KZ,1732470381
433,bor,56.3567,44.0669,-0.04,72,100,3.22,RU,1732470382
434,yamada,39.4667,141.95,1.09,73,3,2.15,JP,1732470383
435,talara,-4.5772,-81.2719,26.42,57,0,6.17,PE,1732470266
436,nouadhibou,20.931,-17.0347,21.99,78,0,6.17,MR,1732470385
437,lompoc,34.6391,-120.4579,13.85,89,20,3.6,US,1732470386
438,vernon,50.2581,-119.2691,3.75,86,68,0.51,CA,1732470388
439,mae hong son,19.3003,97.9685,19.29,87,97,0.92,TH,1732470389
440,lospalos,-8.5186,127.0025,23.06,95,52,0.81,TL,1732470390
441,sayre,41.979,-76.5155,7.72,71,100,4.32,US,1732470222
442,molina,-35.1167,-71.2833,25.85,38,20,4.12,CL,1732470274
443,tuburan,6.6439,122.2736,27.1,75,99,1.05,PH,1732470394
444,byron bay,-28.65,153.6167,19.97,80,91,2.19,AU,1732470395
445,blackwater,-23.5833,148.8833,19.27,100,5,3.08,AU,1732470397
446,tazovsky,67.4667,78.7,0.35,97,100,8.48,RU,1732470398
447,pirallahi,40.4723,50.333,12.08,89,11,1.07,AZ,1732470399
448,sinabang,2.4803,96.3801,25.6,87,100,0.22,ID,1732470401
449,zeya,53.75,127.2667,-14.29,95,100,1.54,RU,1732470402
450,halifax,44.6453,-63.5724,7.27,80,100,11.83,CA,1732470131
451,broome,42.2506,-75.833,6.5,67,100,7.72,US,1732470404
452,kuna,43.4918,-116.4201,6.2,82,0,3.09,US,1732470307
453,mount gambier,-37.8333,140.7667,13.35,96,100,2.24,AU,1732470407
454,san antonio de pale,-1.4014,5.6325,26.37,82,95,4.7,GQ,1732470409
455,portage la prairie,49.9728,-98.2926,-4.5,69,100,3.46,CA,1732470410
456,daru,-9.0763,143.2092,26.49,88,49,5.16,PG,1732470411
457,shagonar,51.5333,92.8,-12.3,90,95,0.68,RU,1732470412
458,bol'sherech'ye,56.0925,74.6272,-6.34,86,99,2.71,RU,1732470413
459,moose jaw,50.4001,-105.5344,-9.86,85,100,9.77,CA,1732470415
460,borba,-4.3878,-59.5939,33.86,46,84,1.84,BR,1732470416
461,ridder,50.355,83.5133,-7.67,85,59,2.2,KZ,1732470417
462,zheleznodorozhnyy,55.7503,38.0042,-1.25,92,8,2.07,RU,1732470418
463,nahiyat ash shinafiyah,31.5874,44.6602,21.01,38,38,7.16,IQ,1732470419
464,port douglas,-16.4833,145.4667,25.61,79,89,4.61,AU,1732470420
465,malango,-2.9627,119.9001,19.2,97,71,1.04,ID,1732470421
466,mokopane,-24.1944,29.0097,21.79,64,79,1.41,ZA,1732470422
467,punaauia,-17.6333,-149.6,27.8,74,75,1.03,PF,1732470424
468,tasgaon,17.0333,74.6,21.42,44,61,3.77,IN,1732470425
469,minas de marcona,-15.2119,-75.1103,20.94,53,69,7.54,PE,1732470426
470,taro,-8.3862,115.28,20.15,94,97,0.99,ID,1732470427
471,suoyarvi,62.0833,32.35,-3.36,90,29,3.76,RU,1732470428
472,ofunato,39.0717,141.7167,2.36,77,4,3.07,JP,1732470429
473,al kharijah,25.4514,30.5464,18.79,62,0,8.63,EG,1732470430
474,al jawf,29.5,38.75,18.35,35,0,5.66,SA,1732470432
475,extrema,-22.8547,-46.3183,23.02,54,33,4.5,BR,1732470433
476,bonthe,7.5264,-12.505,28.5,73,6,4.7,SL,1732470434
477,huilong,31.8111,121.655,13.61,72,99,4.16,CN,1732470435
478,kwang binh,17.4833,106.6,21.83,89,99,3.3,VN,1732470436
479,verkhnevilyuysk,63.4453,120.3167,-22.96,89,100,2.06,RU,1732470437
480,flat river,37.8501,-90.5168,15.36,58,0,8.75,US,1732470438
481,saudarkrokur,65.7461,-19.6394,-3.46,74,48,5.33,IS,1732470439
482,jerantut,3.936,102.3626,23.26,98,100,0.7,MY,1732470440
483,warrnambool,-38.3833,142.4833,13.51,93,100,3.57,AU,1732470442
484,peterhead,57.5058,-1.7981,9.55,75,4,14.37,GB,1732470443
485,nampula,-15.1165,39.2666,26.97,65,40,2.06,MZ,1732470444
486,amga,60.8953,131.9608,-27.85,100,79,0.45,RU,1732470445
487,aykhal,66.0,111.5,-31.28,99,61,3.27,RU,1732470446
488,pangoa,-12.1167,-73.0,22.13,97,98,0.44,PE,1732470447
489,ruska poliana,49.417,31.9201,-0.73,73,85,2.1,UA,1732470448
490,bacabal,-4.2917,-44.7917,38.23,28,50,1.93,BR,1732470449
491,miyaly,48.8844,53.7836,2.1,54,0,5.6,KZ,1732470450
492,watertown,42.3709,-71.1828,10.08,46,40,8.75,US,1732470452
493,papao,-17.75,-149.55,27.82,81,43,7.24,PF,1732470453
494,torit,4.4133,32.5678,24.86,74,76,1.39,SS,1732470454
495,labytnangi,66.6572,66.4183,0.41,94,100,7.2,RU,1732470455
496,magong,23.5654,119.5863,22.07,85,56,12.26,TW,1732470456
497,ulanhot,46.0833,122.0833,-1.1,67,100,0.3,CN,1732470457
498,acarau,-2.8856,-40.12,29.99,59,79,8.14,BR,1732470458
499,nyurba,63.2842,118.3319,-26.59,96,99,1.05,RU,1732470459
500,al burayqah,30.4062,19.5739,18.45,46,0,5.07,LY,1732470460
501,flin flon,54.7682,-101.865,-13.09,85,100,6.17,CA,1732470462
502,airuk,7.2772,168.8203,28.35,76,86,8.39,MH,1732470463
503,belyye berega,53.2085,34.6641,-2.02,88,99,2.15,RU,1732470464
504,iskushuban,10.2837,50.23,24.01,79,13,6.06,SO,1732470466
505,clarksville,36.5298,-87.3595,15.77,55,0,4.12,US,1732470298
506,rumbek,6.802,29.6912,30.55,30,60,1.93,SS,1732470468
507,saint croix,17.7397,-64.7388,28.25,85,40,5.14,VI,1732470469
508,kontcha,7.9667,12.2333,24.8,23,17,1.71,CM,1732470471
509,harstad,68.799,16.5293,-0.47,88,99,2.33,NO,1732470472
510,cambria,35.5641,-121.0808,13.92,82,92,1.34,US,1732470473
511,kerikeri,-35.2268,173.9474,10.45,93,37,1.47,NZ,1732470474
512,huanggang,23.677,116.9996,17.67,78,48,1.96,CN,1732470475
513,antsiranana,-12.2787,49.2917,25.78,83,12,3.84,MG,1732470476
514,luanshya,-13.1367,28.4166,24.91,43,92,1.78,ZM,1732470477
515,blomberg,51.9433,9.0907,14.17,71,100,6.35,DE,1732470478
516,kasongo-lunda,-6.4667,16.8167,21.98,92,67,0.62,CD,1732470480
517,gunupur,19.0833,83.8167,18.34,72,99,0.91,IN,1732470481
518,santa elena de uairen,4.6167,-61.1333,24.5,68,98,2.53,VE,1732470482
519,fada,7.25,4.0667,26.48,39,28,0.69,NG,1732470483
520,macomer,40.262,8.7699,7.48,75,0,1.59,IT,1732470484
521,bethlehem,-1.4558,-48.5044,32.76,54,40,6.17,BR,1732470435
522,tobruk,32.0836,23.9764,15.81,53,91,5.47,LY,1732470486
523,bontang,0.1333,117.5,25.97,87,95,4.35,ID,1732470487
524,ascension,30.2169,-90.9001,24.49,64,0,3.09,US,1732470488
525,andong,36.5656,128.725,4.26,87,53,0.85,KR,1732470490
526,aleksandrovsk-sakhalinskiy,50.8975,142.1561,-3.29,78,99,4.72,RU,1732470491
527,tefe,-3.3542,-64.7114,32.06,58,40,2.06,BR,1732470492
528,nagqu,31.5,92.0,-11.33,23,43,1.31,CN,1732470493
529,thinadhoo,0.5333,72.9333,27.81,79,100,5.92,MV,1732470494
530,zouerate,22.7187,-12.4521,28.64,11,52,3.02,MR,1732470495
531,morehead city,34.7229,-76.726,17.22,60,0,3.6,US,1732470496
532,abocho,7.5677,6.9863,25.16,26,8,1.57,NG,1732470498
533,huntsville,34.7304,-86.5861,16.82,60,0,3.6,US,1732470303
534,al bardiyah,31.7561,25.0865,15.02,54,94,5.71,LY,1732470500
535,aripuana,-9.1667,-60.6333,34.63,40,79,1.0,BR,1732470501
536,wajir,1.7471,40.0573,29.98,54,0,2.57,KE,1732470502
537,turaif,31.6725,38.6637,14.14,72,40,10.29,SA,1732470503
538,belomorsk,64.5232,34.7668,-0.56,80,100,5.88,RU,1732470504
539,alice springs,-23.7,133.8833,18.75,94,16,2.06,AU,1732470505
540,dadukou,26.5479,101.7054,11.17,84,2,0.56,CN,1732470506
541,hobyo,5.3505,48.5268,26.98,79,48,6.7,SO,1732470508
542,tommot,58.9564,126.2925,-15.52,98,100,1.21,RU,1732470509
543,selfoss,63.9331,-20.9971,-6.34,79,2,5.52,IS,1732470510
544,buka,40.8108,69.1986,7.82,33,0,0.44,UZ,1732470511
545,fort bragg,35.139,-79.006,18.84,48,0,3.6,US,1732470512
546,argostolion,38.1811,20.489,12.64,41,0,2.06,GR,1732470513
547,rio preto da eva,-2.6994,-59.6997,30.72,57,75,1.79,BR,1732470514
548,kapuskasing,49.4169,-82.4331,-4.95,93,75,5.14,CA,1732470362
549,betong,5.7743,101.0723,22.5,99,100,1.13,TH,1732470518
550,camacupa,-12.0167,17.4833,18.33,91,58,0.86,AO,1732470519
551,machico,32.7,-16.7667,21.67,79,20,2.57,PT,1732470520
552,tynda,55.1667,124.7167,-17.67,99,100,0.72,RU,1732470521
553,aktau,43.65,51.2,6.32,56,0,7.19,KZ,1732470522
554,maamba,-17.3667,27.15,24.71,62,73,3.5,ZM,1732470523
555,igrim,63.1906,64.4162,2.74,79,100,6.33,RU,1732470524
556,isola di capo rizzuto,38.96,17.0933,9.41,66,0,1.03,IT,1732470525
557,olyokminsk,60.3736,120.4264,-17.6,97,100,1.25,RU,1732470527
558,alaghsas,17.0187,8.0168,28.94,13,0,7.2,NE,1732470528
559,serhetabat,35.2799,62.3438,12.91,47,2,1.98,TM,1732470529
560,mahibadhoo,3.7833,72.9667,27.82,75,69,2.46,MV,1732470530
561,nova sintra,14.8667,-24.7167,25.19,74,2,6.54,CV,1732470531
562,djambala,-2.5447,14.7533,22.16,80,64,0.85,CG,1732470532
563,kuvandyk,51.4781,57.3552,-5.87,78,0,3.46,RU,1732470533
564,longmen,24.9597,118.0889,16.29,92,73,1.47,CN,1732470534
565,koh kong,11.6175,102.9806,25.33,80,90,1.93,KH,1732470535
566,fray luis beltran,-39.3167,-65.7667,29.36,14,65,11.86,AR,1732470537
567,shuangcheng,45.35,126.2833,0.13,70,86,3.09,CN,1732470538
568,lusambo,-4.9667,23.45,21.86,86,98,0.84,CD,1732470539
569,huedin,46.8667,23.05,0.7,82,71,1.45,RO,1732470330
570,magadan,59.5667,150.8,-12.53,61,51,5.08,RU,1732470541
571,pointe michel,15.25,-61.3833,30.52,74,75,3.6,DM,1732470542
572,whakatane,-37.9585,176.9854,13.06,99,77,0.89,NZ,1732470543
573,al bawiti,28.3492,28.8659,13.58,50,48,6.18,EG,1732470544
574,altai,46.3722,96.2583,-16.09,43,34,1.95,MN,1732470545
575,broken hill,-31.95,141.4333,19.03,91,100,4.13,AU,1732470547
576,palmer,42.1584,-72.3287,8.62,45,40,12.86,US,1732470548
577,zheleznogorsk-ilimskiy,56.5768,104.1217,-18.63,98,67,1.44,RU,1732470549
578,rongelap,11.1635,166.8941,28.22,79,36,9.49,MH,1732470550
579,karachi,24.9056,67.0822,22.9,78,0,1.54,PK,1732470469
580,cidade velha,14.9167,-23.6167,30.26,35,0,5.66,CV,1732470553
581,kirensk,57.7853,108.1119,-20.01,98,99,2.02,RU,1732470554
582,deganwy,53.3045,-3.8274,11.36,76,100,8.49,GB,1732470556
583,plymouth,41.8334,-70.8328,10.75,46,0,8.75,US,1732470557
584,fenyi,27.8112,114.6681,13.31,92,95,0.84,CN,1732470558
585,tekkekoy,41.2117,36.46,6.86,81,100,8.23,TR,1732470559
586,santa ana,33.7456,-117.8678,16.86,88,40,1.54,US,1732470471
587,betio village,1.358,172.9211,28.02,72,86,6.28,KI,1732470561
588,pacific grove,36.6177,-121.9166,12.43,92,0,1.79,US,1732470562
589,itaituba,-4.2761,-55.9836,29.09,70,40,3.09,BR,1732470563
590,sisimiut,66.9395,-53.6735,-2.66,89,100,5.9,GL,1732470564
